{"description":"Verify Title|Launch URL","passed":false,"pending":false,"os":"Windows NT","instanceId":9000,"browser":{"name":"chrome","version":"70.0.3538.54"},"message":"Expected 'XYZ Bank' to be 'mainHeading'.","trace":"Error: Failed expectation\n    at UserContext.<anonymous> (C:\\Users\\E001105.CIGNITIGLOBAL\\Desktop\\JbHunt\\Protractor_typeScriptProject (1)\\Protractor_typeScriptProject\\xyz_bank\\Specs\\test.js:14:32)\n    at C:\\Users\\E001105.CIGNITIGLOBAL\\AppData\\Roaming\\npm\\node_modules\\protractor\\node_modules\\jasminewd2\\index.js:112:25\n    at new ManagedPromise (C:\\Users\\E001105.CIGNITIGLOBAL\\AppData\\Roaming\\npm\\node_modules\\protractor\\node_modules\\selenium-webdriver\\lib\\promise.js:1077:7)\n    at ControlFlow.promise (C:\\Users\\E001105.CIGNITIGLOBAL\\AppData\\Roaming\\npm\\node_modules\\protractor\\node_modules\\selenium-webdriver\\lib\\promise.js:2505:12)\n    at schedulerExecute (C:\\Users\\E001105.CIGNITIGLOBAL\\AppData\\Roaming\\npm\\node_modules\\protractor\\node_modules\\jasminewd2\\index.js:95:18)\n    at TaskQueue.execute_ (C:\\Users\\E001105.CIGNITIGLOBAL\\AppData\\Roaming\\npm\\node_modules\\protractor\\node_modules\\selenium-webdriver\\lib\\promise.js:3084:14)\n    at TaskQueue.executeNext_ (C:\\Users\\E001105.CIGNITIGLOBAL\\AppData\\Roaming\\npm\\node_modules\\protractor\\node_modules\\selenium-webdriver\\lib\\promise.js:3067:27)\n    at asyncRun (C:\\Users\\E001105.CIGNITIGLOBAL\\AppData\\Roaming\\npm\\node_modules\\protractor\\node_modules\\selenium-webdriver\\lib\\promise.js:2974:25)\n    at C:\\Users\\E001105.CIGNITIGLOBAL\\AppData\\Roaming\\npm\\node_modules\\protractor\\node_modules\\selenium-webdriver\\lib\\promise.js:668:7","browserLogs":[],"screenShotFile":"00b90047-004a-00ee-007e-0043008100e2.png","timestamp":1539775571806,"duration":145}
