{"description":"Verify Title|Launch URL","passed":false,"pending":false,"os":"Windows NT","instanceId":12244,"browser":{"name":"chrome","version":"70.0.3538.54"},"message":"Failed: name.split is not a function","trace":"TypeError: name.split is not a function\n    at className (C:\\Users\\E001105.CIGNITIGLOBAL\\AppData\\Roaming\\npm\\node_modules\\protractor\\node_modules\\selenium-webdriver\\lib\\by.js:138:22)\n    at call (C:\\Users\\E001105.CIGNITIGLOBAL\\AppData\\Roaming\\npm\\node_modules\\protractor\\node_modules\\selenium-webdriver\\lib\\webdriver.js:1068:28)\n    at C:\\Users\\E001105.CIGNITIGLOBAL\\AppData\\Roaming\\npm\\node_modules\\protractor\\node_modules\\selenium-webdriver\\lib\\webdriver.js:907:19\n    at ManagedPromise.invokeCallback_ (C:\\Users\\E001105.CIGNITIGLOBAL\\AppData\\Roaming\\npm\\node_modules\\protractor\\node_modules\\selenium-webdriver\\lib\\promise.js:1376:14)\n    at TaskQueue.execute_ (C:\\Users\\E001105.CIGNITIGLOBAL\\AppData\\Roaming\\npm\\node_modules\\protractor\\node_modules\\selenium-webdriver\\lib\\promise.js:3084:14)\n    at TaskQueue.executeNext_ (C:\\Users\\E001105.CIGNITIGLOBAL\\AppData\\Roaming\\npm\\node_modules\\protractor\\node_modules\\selenium-webdriver\\lib\\promise.js:3067:27)\n    at asyncRun (C:\\Users\\E001105.CIGNITIGLOBAL\\AppData\\Roaming\\npm\\node_modules\\protractor\\node_modules\\selenium-webdriver\\lib\\promise.js:2974:25)\n    at C:\\Users\\E001105.CIGNITIGLOBAL\\AppData\\Roaming\\npm\\node_modules\\protractor\\node_modules\\selenium-webdriver\\lib\\promise.js:668:7\n    at <anonymous>\n    at process._tickCallback (internal/process/next_tick.js:189:7)\nFrom: Task: WebDriver.call(function)\n    at Driver.call (C:\\Users\\E001105.CIGNITIGLOBAL\\AppData\\Roaming\\npm\\node_modules\\protractor\\node_modules\\selenium-webdriver\\lib\\webdriver.js:901:23)\n    at Driver.findElementsInternal_ (C:\\Users\\E001105.CIGNITIGLOBAL\\AppData\\Roaming\\npm\\node_modules\\protractor\\node_modules\\selenium-webdriver\\lib\\webdriver.js:1068:17)\n    at Driver.findElements (C:\\Users\\E001105.CIGNITIGLOBAL\\AppData\\Roaming\\npm\\node_modules\\protractor\\node_modules\\selenium-webdriver\\lib\\webdriver.js:1043:19)\n    at ptor.waitForAngular.then (C:\\Users\\E001105.CIGNITIGLOBAL\\AppData\\Roaming\\npm\\node_modules\\protractor\\built\\element.js:159:44)\n    at ManagedPromise.invokeCallback_ (C:\\Users\\E001105.CIGNITIGLOBAL\\AppData\\Roaming\\npm\\node_modules\\protractor\\node_modules\\selenium-webdriver\\lib\\promise.js:1376:14)\n    at TaskQueue.execute_ (C:\\Users\\E001105.CIGNITIGLOBAL\\AppData\\Roaming\\npm\\node_modules\\protractor\\node_modules\\selenium-webdriver\\lib\\promise.js:3084:14)\n    at TaskQueue.executeNext_ (C:\\Users\\E001105.CIGNITIGLOBAL\\AppData\\Roaming\\npm\\node_modules\\protractor\\node_modules\\selenium-webdriver\\lib\\promise.js:3067:27)\n    at asyncRun (C:\\Users\\E001105.CIGNITIGLOBAL\\AppData\\Roaming\\npm\\node_modules\\protractor\\node_modules\\selenium-webdriver\\lib\\promise.js:2927:27)\n    at C:\\Users\\E001105.CIGNITIGLOBAL\\AppData\\Roaming\\npm\\node_modules\\protractor\\node_modules\\selenium-webdriver\\lib\\promise.js:668:7\n    at <anonymous>Error\n    at ElementArrayFinder.applyAction_ (C:\\Users\\E001105.CIGNITIGLOBAL\\AppData\\Roaming\\npm\\node_modules\\protractor\\built\\element.js:459:27)\n    at ElementArrayFinder.(anonymous function).args [as getText] (C:\\Users\\E001105.CIGNITIGLOBAL\\AppData\\Roaming\\npm\\node_modules\\protractor\\built\\element.js:91:29)\n    at ElementFinder.(anonymous function).args [as getText] (C:\\Users\\E001105.CIGNITIGLOBAL\\AppData\\Roaming\\npm\\node_modules\\protractor\\built\\element.js:831:22)\n    at UserContext.<anonymous> (C:\\Users\\E001105.CIGNITIGLOBAL\\Desktop\\JbHunt\\Protractor_typeScriptProject (1)\\Protractor_typeScriptProject\\xyz_bank\\Specs\\test.js:14:21)\n    at C:\\Users\\E001105.CIGNITIGLOBAL\\AppData\\Roaming\\npm\\node_modules\\protractor\\node_modules\\jasminewd2\\index.js:112:25\n    at new ManagedPromise (C:\\Users\\E001105.CIGNITIGLOBAL\\AppData\\Roaming\\npm\\node_modules\\protractor\\node_modules\\selenium-webdriver\\lib\\promise.js:1077:7)\n    at ControlFlow.promise (C:\\Users\\E001105.CIGNITIGLOBAL\\AppData\\Roaming\\npm\\node_modules\\protractor\\node_modules\\selenium-webdriver\\lib\\promise.js:2505:12)\n    at schedulerExecute (C:\\Users\\E001105.CIGNITIGLOBAL\\AppData\\Roaming\\npm\\node_modules\\protractor\\node_modules\\jasminewd2\\index.js:95:18)\n    at TaskQueue.execute_ (C:\\Users\\E001105.CIGNITIGLOBAL\\AppData\\Roaming\\npm\\node_modules\\protractor\\node_modules\\selenium-webdriver\\lib\\promise.js:3084:14)\n    at TaskQueue.executeNext_ (C:\\Users\\E001105.CIGNITIGLOBAL\\AppData\\Roaming\\npm\\node_modules\\protractor\\node_modules\\selenium-webdriver\\lib\\promise.js:3067:27)\nFrom: Task: Run it(\"Verify Title\") in control flow\n    at UserContext.<anonymous> (C:\\Users\\E001105.CIGNITIGLOBAL\\AppData\\Roaming\\npm\\node_modules\\protractor\\node_modules\\jasminewd2\\index.js:94:19)\n    at attempt (C:\\Users\\E001105.CIGNITIGLOBAL\\AppData\\Roaming\\npm\\node_modules\\protractor\\node_modules\\jasmine-core\\lib\\jasmine-core\\jasmine.js:4297:26)\n    at QueueRunner.run (C:\\Users\\E001105.CIGNITIGLOBAL\\AppData\\Roaming\\npm\\node_modules\\protractor\\node_modules\\jasmine-core\\lib\\jasmine-core\\jasmine.js:4217:20)\n    at runNext (C:\\Users\\E001105.CIGNITIGLOBAL\\AppData\\Roaming\\npm\\node_modules\\protractor\\node_modules\\jasmine-core\\lib\\jasmine-core\\jasmine.js:4257:20)\n    at C:\\Users\\E001105.CIGNITIGLOBAL\\AppData\\Roaming\\npm\\node_modules\\protractor\\node_modules\\jasmine-core\\lib\\jasmine-core\\jasmine.js:4264:13\n    at C:\\Users\\E001105.CIGNITIGLOBAL\\AppData\\Roaming\\npm\\node_modules\\protractor\\node_modules\\jasmine-core\\lib\\jasmine-core\\jasmine.js:4172:9\n    at C:\\Users\\E001105.CIGNITIGLOBAL\\AppData\\Roaming\\npm\\node_modules\\protractor\\node_modules\\jasminewd2\\index.js:64:48\n    at ControlFlow.emit (C:\\Users\\E001105.CIGNITIGLOBAL\\AppData\\Roaming\\npm\\node_modules\\protractor\\node_modules\\selenium-webdriver\\lib\\events.js:62:21)\n    at ControlFlow.shutdown_ (C:\\Users\\E001105.CIGNITIGLOBAL\\AppData\\Roaming\\npm\\node_modules\\protractor\\node_modules\\selenium-webdriver\\lib\\promise.js:2674:10)\n    at shutdownTask_.MicroTask (C:\\Users\\E001105.CIGNITIGLOBAL\\AppData\\Roaming\\npm\\node_modules\\protractor\\node_modules\\selenium-webdriver\\lib\\promise.js:2599:53)\nFrom asynchronous test: \nError\n    at Suite.<anonymous> (C:\\Users\\E001105.CIGNITIGLOBAL\\Desktop\\JbHunt\\Protractor_typeScriptProject (1)\\Protractor_typeScriptProject\\xyz_bank\\Specs\\test.js:12:5)\n    at addSpecsToSuite (C:\\Users\\E001105.CIGNITIGLOBAL\\AppData\\Roaming\\npm\\node_modules\\protractor\\node_modules\\jasmine-core\\lib\\jasmine-core\\jasmine.js:1107:25)\n    at Env.describe (C:\\Users\\E001105.CIGNITIGLOBAL\\AppData\\Roaming\\npm\\node_modules\\protractor\\node_modules\\jasmine-core\\lib\\jasmine-core\\jasmine.js:1074:7)\n    at describe (C:\\Users\\E001105.CIGNITIGLOBAL\\AppData\\Roaming\\npm\\node_modules\\protractor\\node_modules\\jasmine-core\\lib\\jasmine-core\\jasmine.js:4399:18)\n    at Object.<anonymous> (C:\\Users\\E001105.CIGNITIGLOBAL\\Desktop\\JbHunt\\Protractor_typeScriptProject (1)\\Protractor_typeScriptProject\\xyz_bank\\Specs\\test.js:4:1)\n    at Module._compile (module.js:653:30)\n    at Object.Module._extensions..js (module.js:664:10)\n    at Module.load (module.js:566:32)\n    at tryModuleLoad (module.js:506:12)","browserLogs":[],"screenShotFile":"00e60031-00d3-00dc-00e6-00d7001600d9.png","timestamp":1539774970648,"duration":60}
